type,label,severity,center_lat,center_lng,active,type_enc,active_enc,severity_enc,lat_scaled,lng_scaled,nearby_events,nearby_fatalities,nearby_population
strike,Strike Zone: Al-Saksakiyah,high,33.43677,35.28534,False,4,0,1,-0.0299183902005122,-1.048098636737337,1394,998,7712.977044476327
road_closure,Traffic Jam Tayouneh Roundabout Beirut,medium,33.8646,35.5085,False,3,0,0,1.3869427941289825,0.0188950696616191,421,295,38910.32779097387
strike,Strike Zone: Haboush,high,33.40439,35.48481,False,4,0,1,-0.13715249054082,-0.0943737997799734,4556,1280,3552.556189640035
strike,Strike in Marj Harouf,high,33.204,35.34,False,4,0,1,-0.8007918162725021,-0.7867530730531069,8327,1349,2907.4272847363995
strike,Airstrike on Beit Yahoun,high,33.141,35.434,False,4,0,1,-1.0094313567740132,-0.3373113791944603,6877,948,2741.0324269303474
strike,Artillery shelling on Qawzah and Beit Leif,high,33.15,35.35,False,4,0,1,-0.9796257081309402,-0.7389401268979382,8153,1152,2724.6496994971176
strike,Deir Siryan Strike Zone,high,33.288575,35.50438,False,4,0,1,-0.5207015124960761,-0.0008038641543158,6259,1047,3431.208979070139
road_closure,Chiyah Road Closure,medium,33.8569,35.5034,False,3,0,0,1.361442405845466,-0.0054895328775158,421,295,38910.32779097387
strike,Between Abba and Jebchit Strike Zone,medium,33.36067,35.41288,False,4,0,0,-0.2819417081713884,-0.4382923214741787,4902,1415,4168.628722970217
strike,Abba and Jebchit Area Strike,high,33.36067,35.41288,False,4,0,1,-0.2819417081713884,-0.4382923214741787,4902,1415,4168.628722970217
hospital_status,Rafik Hariri University Hospital,medium,33.831,35.506,False,2,0,0,1.2756683725281812,0.0069418331228354,426,300,38502.08450704225
strike,Tibnin and Safad al-Batikh Area Strike,high,33.19706,35.42044,False,4,0,1,-0.8237752831150492,-0.4021457341808735,7584,1243,3076.303533755274
strike,"Strike on Tripoli, Lebanon",high,34.4367,35.8497,False,4,0,1,3.2815885262069155,1.6502727924763012,72,33,28990.875
strike,Strike on Hajarouf,high,33.25,35.45,False,4,0,1,-0.6484518343190255,-0.2608106653461498,6760,1361,3777.8782544378696
strike,Khraibeh / Al-Kharaib Strike Zone,high,33.34131,35.29787,False,4,0,1,-0.3460569701413706,-0.9881890152048736,2783,1288,5157.277039166367
strike,"Kharayeb Strike Zone, Zahrani District",critical,33.34246,35.30491,False,4,0,2,-0.3422484705925249,-0.9545287011116456,2939,1348,5078.486900306227
road_closure,Accident (Saadiyat Highway),medium,33.6706,35.4526,False,3,0,0,0.7444654789338685,-0.2483792993458324,308,393,19490.72077922078
strike,An Israeli drone targeted a kiosk in Marj Harouf near Al-Rimal Cooperative.,high,33.155,35.368,False,4,0,1,-0.9630670144403364,-0.6528768238186142,7906,1076,2766.5246648115353
strike,Israeli strike on Marj Harouf.,high,33.155,35.368,False,4,0,1,-0.9630670144403364,-0.6528768238186142,7906,1076,2766.5246648115353
strike,Israeli strike hits a Beirut hotel and a residential complex in Lebanon's east.,high,33.8938,35.5018,False,4,0,1,1.4836455652820466,-0.0131396042623265,416,291,39255.033653846156
strike,"Israeli airstrike hit Comfort Hotel in Hazmieh, a Christian-majority suburb in Beirut.",high,33.858,35.54,False,4,0,1,1.3650853184573768,0.1695058500504361,421,295,38910.32779097387
strike,Toulene Strike Zone,medium,33.26011,35.46696,False,4,0,0,-0.6149701556766501,-0.1797199086669799,6466,1299,3673.2310547479124
strike,Adchit Strike Zone,medium,33.26011,35.46696,False,4,0,0,-0.6149701556766501,-0.1797199086669799,6466,1299,3673.2310547479124
strike,"Ansar, Sinai and Al-Duwayr Strike",high,33.38545,35.42304,False,4,0,1,-0.1998768222407977,-0.3897143681805222,4357,1415,4394.252926325454
strike,Kafr Rumman / Kafrman Strike Zone,high,33.38876,35.49082,False,4,0,1,-0.1889149670176267,-0.065638219140729,4957,1290,3418.396207383498
strike,Strike Zone: Al-Jurn-Al-Jamijmah area,high,33.20339,35.44052,False,4,0,1,-0.8028119769027606,-0.3061373383012753,7228,1231,3346.4641671278364
strike,Strike Zone: Sarbin and Zrarieh,high,33.33371,35.33237,False,4,0,1,-0.3712261845510642,-0.8232343509695367,3497,1406,4668.045753503003
hospital_status,Jabal Amel Tyre Hospital,medium,33.273,35.205,False,2,0,0,-0.5722818433422756,-1.4322278461480369,4601,967,2740.6133449250165
strike,Kafr Remman and University District Strike Zone,high,33.376,35.48138,False,4,0,1,-0.2311727533160268,-0.1107736403112071,5087,1324,3445.188912915274
strike,"Strike Zone Abbasiya, Tyre",high,33.29598,35.28414,False,4,0,1,-0.496178087140309,-1.053836190275945,3953,1319,3562.035416139641
strike,Strike Zone: Zawtar al-Gharbiya and Jebchit,high,33.35637,35.44275,False,4,0,1,-0.2961821847453026,-0.2954750513086835,5029,1371,3888.531517200239
strike,Al-Halousiya (Tyre) Strike Zone,high,33.30301,35.32894,False,4,0,1,-0.4728965638113306,-0.8396341915007364,4264,1496,4142.196060037523
strike,Strike Zone Harouf,high,33.37486,35.4364,False,4,0,1,-0.2349481354774808,-0.3258362721172104,4684,1402,3989.0602049530316
strike,Kafr Rumman Southern Lebanon Strike Zone,high,33.38346,35.50369,False,4,0,1,-0.2064671823296524,-0.0041029574390171,5205,1131,3266.1746397694524
strike,Haboush/Nabatieh Strike Zone,high,33.40439,35.48481,False,4,0,1,-0.13715249054082,-0.0943737997799734,4556,1280,3552.556189640035
strike,Lybia,critical,33.486,35.436,False,4,0,2,0.1331185078770722,-0.327748789963413,1605,993,5649.446728971962
strike,Tripoli,critical,34.437,35.849,False,4,0,2,3.2825820478283374,1.6469258862454297,72,33,28990.875
strike,Strike on Loubiyeh,critical,33.456,35.485,False,4,0,2,0.033766345733519,-0.0934653538030424,2512,1090,5380.474522292993
strike,Strike Zone - Zibqin and Jabal al-Batoum,high,33.16371,35.2807,False,4,0,1,-0.9342217700313168,-1.070283843753315,6924,1031,2810.925765453495
strike,Haboush and Kafr Tebnit Area Strikes,high,33.40439,35.47623,False,4,0,1,-0.13715249054082,-0.135397307581126,4558,1329,3914.4883720930234
strike,Strike Zone - Zahle road,high,33.834715,35.909675,False,4,0,1,1.2879714819402923,1.9370309370419887,226,127,6140.41592920354
strike,"Strike Zone: Jebchit, Kafr Remman, and the university district in Nabatieh",high,33.376,35.48138,False,4,0,1,-0.2311727533160268,-0.1107736403112071,5087,1324,3445.188912915274
strike,Al-Sawana Southern Lebanon Strike Zone,high,33.23483,35.43743,False,4,0,1,-0.6986909109762847,-0.3209115386632266,7619,1460,3707.333902086888
strike,Tripoli Strike,critical,34.4367,35.8497,False,4,0,2,3.2815885262069155,1.6502727924763012,72,33,28990.875
road_closure,Tyre Roundabout - Heavy Traffic,medium,33.8698,35.5147,False,3,0,0,1.404163835567185,0.0485390962778284,421,295,38910.32779097387
strike,Strike Zone: Toulene and Adchit,high,33.26011,35.46696,False,4,0,1,-0.6149701556766501,-0.1797199086669799,6466,1299,3673.2310547479124
strike,Rmeen Southern Lebanon Strike Zone,high,33.46083,35.43949,False,4,0,1,0.0497620438386287,-0.3110620717552591,1967,1098,5210.78139298424
strike,"Strike Zone: Louaizeh, Jezzine district",high,33.45566,35.53442,False,4,0,1,0.032640354562554,0.1428262260958375,3281,942,4410.558061566596
strike,Al-Kafour/Harouf/Qounine Strike Zone,high,33.14649,35.43142,False,4,0,1,-0.9912499111017335,-0.349647119302471,7439,1028,2645.5170049737867
strike,"Strike Zone Deir Siryan, Taybeh, Beit Leef, Yater and Qabrikha",high,33.28821,35.50481,False,4,0,1,-0.5219102971354967,0.0012520925303638,6259,1047,3431.208979070139
strike,Qaaqaiyat al-Jisr,critical,33.456,35.419,False,4,0,2,0.033766345733519,-0.4090307984272303,1986,1120,5212.611278952669
strike,Strike Zone: outskirts of Jebchit,high,33.36052,35.43057,False,4,0,1,-0.2824384689820992,-0.3537112197256601,4852,1366,4000.541014014839
strike,"Majdal Selm, Al-Kafour, Safad Al-Batikh, Al-Jamijmah, and Al-Qatrani Strike Zone",high,33.39665,35.45717,False,4,0,1,-0.1627853483738562,-0.2265287829529108,4241,1328,4301.232256543268
strike,Birj al-Barajneh Strike Zone,high,33.85877,35.50738,False,4,0,1,1.3676353572857378,0.0135400196922381,421,295,38910.32779097387
strike,Al-Jurn-Al-Jamijmah Airstrike,high,33.20339,35.44052,False,4,0,1,-0.8028119769027606,-0.3061373383012753,7228,1231,3346.4641671278364
strike,Khiam Artillery Fire Zone,high,33.32195,35.60892,False,4,0,1,-0.4101722321113528,0.499032674951917,4949,667,3347.7631844817133
strike,Tyre City Strike,high,33.26727,35.21496,False,4,0,1,-0.5912581063116973,-1.3846061517774817,5231,1019,2526.950296310457
strike,Kafrman Strike,high,33.38733,35.49906,False,4,0,1,-0.1936507534131342,-0.0262403515088589,5204,1229,3340.735972328978
strike,"Strike Zone: Zahle, Bekaa Valley",high,33.83195,35.91328,False,4,0,1,1.2788145243293811,1.9542675041309323,226,128,6112.769911504425
strike,Al-Housh Area Strike,high,33.24245,35.23676,False,4,0,1,-0.6734554617918312,-1.2803739291591982,5901,1044,2562.9747500423655
strike,Strike Zone: Al Wardieh in Aishieh - Jezzine district,high,33.40166,35.58077,False,4,0,1,-0.146193537295884,0.3644392315251069,4433,723,3436.527633656666
border_status,Abboudiyeh Border Crossing Status,medium,34.6333,36.35,False,0,0,0,3.932676362121119,4.042354488619878,12,29,5265.25
strike,Rocket attack on Marj Harouf.,high,33.155,35.368,False,4,0,1,-0.9630670144403364,-0.6528768238186142,7906,1076,2766.5246648115353
strike,Shelling renewed on the town of Khiam and machine gun fire towards Tal Nahas.,high,33.398,35.608,False,4,0,1,-0.1583145010773881,0.4946338839056373,4101,611,3557.8995366983663
strike,Israeli air attack targets a hotel in Beirut's Hazmiyeh suburb.,high,33.858,35.54,False,4,0,1,1.3650853184573768,0.1695058500504361,421,295,38910.32779097387
strike,Nabatieh Strike Zone - Rabsalim,high,33.41656,35.50644,False,4,0,1,-0.0968486300979186,0.0090456027536516,4419,1138,3645.2984838198686
strike,Brital - Bekaa Valley,high,33.93299,36.14502,False,4,0,1,1.6134326064289268,3.0622847183310413,266,263,4443.830827067669
strike,Al-Majadel Strike Debris Removal,medium,33.22852,35.36018,False,4,0,0,-0.7195879824138134,-0.6902665477119749,8678,1511,3030.4464162249365
strike,Tyre strike (Qa'qaiyat al-Jisr),critical,33.27,35.2,False,4,0,2,-0.5822170595566333,-1.456134319225604,4819,970,2626.9827765096493
strike,Tyre strike (Lebbaya),critical,33.35,35.53,False,4,0,2,-0.317277960507111,0.1216929038952674,5118,885,3212.750097694412
strike,Strike Zone - Qaaqaiet El Jisr,critical,33.4,35.58,False,4,0,2,-0.1516910236011654,0.3607576346711447,4433,723,3436.527633656666
strike,"Strike Zone Mount Rihan, Jezzine",high,33.4339,35.57974,False,4,0,1,-0.039423080378919,0.3595144980711232,3860,658,3687.0492227979275
strike,"Al-Abbasiya, Tyre District",high,33.29541,35.2771,False,4,0,1,-0.4980657782210477,-1.087496504369207,3761,1278,3649.55490561021
strike,Strike Zone: Beirut Southern Suburbs,critical,33.85877,35.50738,False,4,0,2,1.3676353572857378,0.0135400196922381,421,295,38910.32779097387
strike,Tyre Airstrike (South Lebanon),high,33.26727,35.21496,False,4,0,1,-0.5912581063116973,-1.3846061517774817,5231,1019,2526.950296310457
strike,"Shaqra, Yater, Beit Leef Strike Zone",high,33.15367,35.33649,False,4,0,1,-0.9674716269620444,-0.8035354171536015,8097,1161,2736.7912807212547
strike,Airstrikes on Bint Jbeil,medium,33.11817,35.4328,False,4,0,0,-1.0850383521652691,-0.3430489327330683,6541,843,2534.6595321816235
strike,"Arida, Tripoli (Wassim Atalla Ali)",critical,34.54,35.91,False,4,0,2,3.6236911378546095,1.938584857792016,68,9,32018.352941176472
strike,Israeli airstrikes on Arnoun and Yehmor esh-Shaqif.,high,33.489,35.534,False,4,0,1,0.1430537240914298,0.1408180823573281,2355,919,5332.500212314225
strike,Strike in Loubieh - 3 Martyrs and Injured,critical,33.486,35.467,False,4,0,2,0.1331185078770722,-0.1795286568823664,1810,1056,5494.022651933702
strike,Artillery Shelling in Qawzah and Beit Leef,high,33.111,35.405,False,4,0,1,-1.10878351891759,-0.4759689230444596,6532,886,2477.7977648499696
strike,Strike Zone: Al-Kafour,high,33.3965,35.45391,False,4,0,1,-0.163282109184567,-0.2421158033994863,4223,1333,4354.757044754913
strike,Qaqaiyat al-Jisr Incident,high,33.32897,35.42301,False,4,0,1,-0.3869238261697663,-0.3898578070189993,5267,1412,4095.7134991456237
strike,Strike in Qa'qaiet El Jisr - 2 Martyrs,critical,33.398,35.589,False,4,0,2,-0.1583145010773881,0.4037892862108067,4402,637,3440.005906406179
strike,Al-Housh South of Tyre Strike Zone,high,33.24245,35.23676,False,4,0,1,-0.6734554617918312,-1.2803739291591982,5901,1044,2562.9747500423655
road_closure,Hezbollah targets rescue teams with continued shelling at Jabal Balat/Marouhine,critical,33.15,35.32,False,3,0,2,-0.9796257081309402,-0.8823789653634782,7870,1150,2771.869758576874
strike,Strike Zone - Al-Adisa and Deir Siryan,high,33.28549,35.50867,False,4,0,1,-0.5309182265031691,0.0197078897462773,6210,1034,3429.4919484702095
strike,Strike Zone: Zibqin and Jabal al-Batoum,high,33.16371,35.2807,False,4,0,1,-0.9342217700313168,-1.070283843753315,6924,1031,2810.925765453495
road_closure,Traffic Jam: Zouk Mosbeh,high,34.0264,35.6325,False,3,0,1,1.922782121956651,0.6117756019858396,100,102,17733.62
border_status,Masnaa Border Crossing Status,medium,33.7167,36.0167,False,0,0,0,0.8971366347611679,2.448748993267784,185,120,6597.735135135135
road_closure,Charles Malik Avenue Ashrafieh Heavy Traffic (Both Directions),medium,33.8906,35.5204,False,3,0,0,1.4730480013200666,0.0757924755863014,417,291,39202.12709832134
strike,Beirut strikes,critical,33.893,35.502,False,4,0,2,1.4809961742915574,-0.0121833453392251,416,291,39255.033653846156
strike,Marj Harouf,critical,33.22,35.38,False,4,0,2,-0.7478039964626023,-0.5955012884323982,8633,1503,3036.891231321673
strike,Zahle Road Strike Zone,high,33.83808,35.90607,False,4,0,1,1.2991154827940474,1.919794369953046,226,127,6140.41592920354
strike,Strike on Beit Yahoun,critical,33.09,35.41,False,4,0,2,-1.17833003241807,-0.4520624499668923,5998,759,2474.5413471157053
strike,Qa'qaiyat al-Jisr,critical,33.473,35.467,False,4,0,2,0.0900659042815301,-0.1795286568823664,1918,1065,5373.554223149114
strike,Strike Zone: Zawtar al-Gharbiya,high,33.35637,35.44275,False,4,0,1,-0.2961821847453026,-0.2954750513086835,5029,1371,3888.531517200239
strike,Strike in Beit Yahoun,high,33.15,35.367,False,4,0,1,-0.9796257081309402,-0.6576581184341549,7635,1054,2786.502815979044
strike,Beit Yahoun Airstrike,high,33.136,35.385,False,4,0,1,-1.0259900504645936,-0.5715948153548309,7636,1040,2686.5881351492926
strike,Strike Zone: Al-Housh area south of Tyre,high,33.24245,35.23676,False,4,0,1,-0.6734554617918312,-1.2803739291591982,5901,1044,2562.9747500423655
strike,Strike Zone - Al-Jurn-Al-Jamijmah area,high,33.20339,35.44052,False,4,0,1,-0.8028119769027606,-0.3061373383012753,7228,1231,3346.4641671278364
strike,Al-Majadel Airstrike (Tyre),medium,33.22852,35.36018,False,4,0,0,-0.7195879824138134,-0.6902665477119749,8678,1511,3030.4464162249365
evacuation,Southern Suburbs (Dahiyeh) Evacuation Warning,high,33.856,35.493,False,1,0,1,1.358461840981154,-0.0552149968788871,421,295,38910.32779097387
strike,Strike Zone - Lebbaya,critical,33.566,35.696,False,4,0,2,0.398057606926618,0.9153878100712098,426,98,3386.981220657277
strike,Qa'qa'iyat al-Jisr Airstrike,critical,33.367,35.59,False,4,0,2,-0.2609784019590998,0.4085705808263473,4865,680,3389.2536485097635
strike,"Airstrikes in Labaya, Western Beqaa",critical,33.606,35.794,False,4,0,2,0.5305271564513792,1.383954682391951,154,93,5968.272727272727
road_closure,Heavy traffic Airport tunnels to Naameh,medium,33.805,35.474,False,3,0,0,1.1895631653370735,-0.1460595945737517,422,332,38369.260663507106
strike,Strike Zone Al-Sawana,high,33.23483,35.43743,False,4,0,1,-0.6986909109762847,-0.3209115386632266,7619,1460,3707.333902086888
strike,Zahrani Airstrike,high,33.41069,35.45237,False,4,0,1,-0.1162885364906594,-0.2494789971073768,3812,1316,4423.2791185729275
strike,Shemstar outskirts strike,high,34.02,36.03,False,4,0,1,1.901586994032691,2.512340211654176,259,253,4463.795366795367
strike,Strike Zone: Al-Adisa and Deir Siryan,high,33.28549,35.50867,False,4,0,1,-0.5309182265031691,0.0197078897462773,6210,1034,3429.4919484702095
strike,"Strike Zone: Kafr Rumman, Al-Kafour, Harouf and Qounine",high,33.14649,35.43142,False,4,0,1,-0.9912499111017335,-0.349647119302471,7439,1028,2645.5170049737867
strike,Strike Zone: Toul,high,33.38518,35.44687,False,4,0,1,-0.2007709917000913,-0.2757761174927485,4327,1343,4044.483013635313
strike,Strike Zone: Brital (Bekaa Valley),high,33.93299,36.14502,False,4,0,1,1.6134326064289268,3.0622847183310413,266,263,4443.830827067669
strike,Markaba airstrikes,high,33.208,35.539,False,4,0,1,-0.787544861320033,0.1647245554349294,5800,878,3252.66
strike,Kfarmen Universities Quarter Strike,high,33.475,35.483,False,4,0,1,0.0966893817577764,-0.1030279430340897,1921,1074,5315.809994794378
strike,Strike Zone - Al-Kharaib,high,33.34045,35.29615,False,4,0,1,-0.3489050654561629,-0.9964128419435926,2849,1292,5076.586872586872
strike,Lubaya Strike,critical,33.5686,35.5971,False,4,0,2,0.4066681276457312,0.4425177725964956,648,309,3532.0771604938273
strike,Strike in Qaaqaiet El Jisr,critical,33.45,35.45,False,4,0,2,0.0138959133048036,-0.2608106653461498,2243,1130,4769.747213553277
strike,Tyre Strike (Qaqaiyat al-Jisr),critical,33.26,35.25,False,4,0,2,-0.6153344469378412,-1.217069588449727,5739,1186,2732.375849451124
strike,"Al-Haniyah and Al-Qalilah Area, Tyre District Strike Zone",high,33.19534,35.23006,False,4,0,1,-0.8294714737446102,-1.312408603083144,6069,978,2550.2011863568955
road_closure,Active Traffic: Jounieh Highway towards Zouk Mikael,medium,33.9881,35.623,False,3,0,0,1.795942528286691,0.5663533031384073,367,316,41669.76294277929
strike,Strike Zone Deir Antar,high,33.21315,35.37409,False,4,0,1,-0.7704894068187182,-0.623758739610109,8547,1439,3001.258804258804
strike,Airstrike - Qalila,high,33.19821,35.23487,False,4,0,1,-0.8199667835662034,-1.2894105759825074,6069,978,2550.2011863568955
strike,Qa'qaiya al-Jisr Airstrike,critical,33.376,35.483,False,4,0,2,-0.2311727533160268,-0.1030279430340897,5149,1326,3417.136142940377
strike,Beit Yahoun Air Raid,critical,33.155,35.419,False,4,0,2,-0.9630670144403364,-0.4090307984272303,7700,1076,2700.7936363636363
strike,Strike in Qaaqaiyat al-Jisr,high,33.45,35.533,False,4,0,1,0.0138959133048036,0.1360367877418214,3413,949,4460.439789041899
strike,Strike in Tripoli - Commander of Hamas's Military Training,critical,34.4367,35.8497,False,4,0,2,3.2815885262069155,1.6502727924763012,72,33,28990.875
strike,Strike on Qa'qaiet El Jisr,high,33.472,35.399,False,4,0,1,0.0867541655434187,-0.5046566907375677,1570,1034,5822.343312101911
strike,Beirut hotel strike,critical,33.882,35.545,False,4,0,2,1.444567048172238,0.1934123231280374,421,295,38910.32779097387
strike,Ait ech Chaab and Yaroun,critical,33.076,35.34,False,4,0,2,-1.2246943747517471,-0.7867530730531069,6609,822,2306.948706309578
strike,Shemustar,critical,34.015,36.009,False,4,0,2,1.8850283003420871,2.411933024728298,271,285,4703.79704797048
strike,Al Mjadel,critical,33.257,35.277,False,4,0,2,-0.6252696631521989,-1.0879746338307408,5989,1249,2735.5742194022373
strike,"Jebchit, Kafr Remman, and university district in Nabatieh Strike Zone",high,33.376,35.48138,False,4,0,1,-0.2311727533160268,-0.1107736403112071,5087,1324,3445.188912915274
strike,Strike Zone Al-Kharaib,high,33.34045,35.29615,False,4,0,1,-0.3489050654561629,-0.9964128419435926,2849,1292,5076.586872586872
strike,Kfarman - University Neighborhood,critical,33.4,35.48,False,4,0,2,-0.1516910236011654,-0.1173718268806437,4579,1287,3652.431753658004
road_closure,"Road Closure: Charles Malek Avenue, Ashrafieh (both directions)",medium,33.8906,35.5187,False,3,0,0,1.4730480013200666,0.0676642747399231,417,291,39202.12709832134
strike,Israeli warplanes strike Beit Yahoun,high,33.16782,35.41908,False,4,0,1,-0.9206105238176566,-0.4086482948579694,7920,1092,2822.4006313131313
strike,Strike in Libbaya,critical,33.568,35.698,False,4,0,2,0.4046810844028408,0.9249503993022572,426,98,3386.981220657277
strike,Qaaqaiyat al-Jisr Strike,critical,33.376,35.457,False,4,0,2,-0.2311727533160268,-0.2273416030375351,5002,1399,3782.957616953219
strike,"Kafrman, Nabatieh Strike Zone",high,33.38733,35.49906,False,4,0,1,-0.1936507534131342,-0.0262403515088589,5204,1229,3340.735972328978
strike,Strike on Kafarman,critical,33.483,35.517,False,4,0,2,0.1231832916627145,0.0595360738935448,2249,934,5633.499777678969
strike,Lubaya,critical,33.54,35.58,False,4,0,2,0.3119523997355103,0.3607576346711447,909,436,5509.9317931793175
strike,Strike in Qa'qaiet El Jisr,critical,33.435,35.589,False,4,0,2,-0.0357801677669847,0.4037892862108067,3834,606,3694.1713615023473
strike,Strike on Qaaqaiet El Jisr,critical,33.475,35.59,False,4,0,2,0.0966893817577764,0.4085705808263473,2669,605,3878.8988385162984
strike,Strike on Qaaqaiet al-Jisr,critical,33.473,35.539,False,4,0,2,0.0900659042815301,0.1647245554349294,2697,903,4827.245457916203
strike,Shahabiya and Abba Strike Zone,medium,33.2401,35.38417,False,4,0,0,-0.6812380478264106,-0.5755632898857134,8422,1585,3283.8300878651153
strike,Strike Zone - Al-Sawana / Zibqin,high,33.23483,35.43743,False,4,0,1,-0.6986909109762847,-0.3209115386632266,7619,1460,3707.333902086888
strike,Al Khiyam,critical,33.393,35.626,False,4,0,2,-0.1748731947679921,0.5806971869849613,4005,595,3558.7278401997505
strike,Hula,critical,33.15,35.539,False,4,0,2,-0.9796257081309402,0.1647245554349294,5191,665,2938.255634752456
strike,Markaba,critical,33.208,35.556,False,4,0,2,-0.787544861320033,0.2460065638987127,5690,722,2976.601757469244
strike,Naval strike on Tripoli,critical,34.4367,35.8497,False,4,0,2,3.2815885262069155,1.6502727924763012,72,33,28990.875
strike,Strike in Loubiyeh,critical,33.529,35.405,False,4,0,2,0.2755232736162145,-0.4759689230444596,1190,897,6643.183193277311
strike,Strike on Libbaya,critical,33.565,35.602,False,4,0,2,0.3947458681884831,0.4659461162125293,658,280,3190.7325227963524
strike,"Shaath, Baalbek District",high,34.13428,36.23377,False,4,0,1,2.280052497024921,3.486624615458235,121,139,3813.0413223140495
road_closure,Road Closure - Corniche el Mazraa,medium,33.879,35.492,False,3,0,0,1.4346318319578804,-0.0599962914944278,420,295,38962.03571428572
strike,Kfar Chouba,critical,33.328,35.698,False,4,0,2,-0.3901362127457261,0.9249503993022572,3301,294,3039.836716146622
strike,Artillery Shelling - Khiam,medium,33.32195,35.60892,False,4,0,0,-0.4101722321113528,0.499032674951917,4949,667,3347.7631844817133
strike,Nabi Shit/Al-Mahmoudiya Strike Zone,medium,33.84082,35.49957,False,4,0,0,1.3081896469365033,-0.0238018912549522,421,295,38910.32779097387
strike,Airstrike in Beit Yahoun,high,33.15,35.4,False,4,0,1,-0.9796257081309402,-0.499875396122061,7774,1063,2824.0133779264215
strike,I'aat/Al-Khader Nabi Sheet Airstrike,high,34.0312,36.18227,False,4,0,1,1.9386784678996087,3.2403879427590807,192,251,3398.7239583333335
road_closure,Road Disruption: Saadiyat Area,medium,33.65,35.4667,False,3,0,0,0.6762436609286093,-0.1809630452670014,300,333,12511.396666666667
strike,Safad al-Batikh area Strike Zone,high,33.19577,35.43898,False,4,0,1,-0.828047426087214,-0.3135005320091658,7216,1136,3046.8967572062083
strike,Strike in Yahmar El Shaqif,high,33.456,35.545,False,4,0,1,0.033766345733519,0.1934123231280374,3597,958,4149.487628579372
strike,Artillery shelling and machine gun fire on Khiam and Tel Nahas,high,33.364,35.617,False,4,0,1,-0.2709136181734575,0.5376655354452993,4690,652,3391.660554371002
strike,Strike in Kafr Shuba outskirts,medium,33.367,35.7,False,4,0,0,-0.2609784019590998,0.9345129885333044,3268,354,3234.048347613219
strike,Strike in Al Majadel,high,33.208,35.366,False,4,0,1,-0.787544861320033,-0.6624394130496616,8496,1428,2999.1347693032017
strike,"Strike on Haret Hreik, near Bahman Hospital",critical,33.844,35.51,False,4,0,2,1.3187209761237233,0.0260670115848961,421,295,38910.32779097387
strike,Israeli Strikes in Beirut and Lebanon's East,critical,33.893,35.502,False,4,0,2,1.4809961742915574,-0.0121833453392251,416,291,39255.033653846156
strike,"Strike in Hazmiyeh, Beirut",critical,33.879,35.539,False,4,0,2,1.4346318319578804,0.1647245554349294,421,295,38910.32779097387
strike,Strikes on Qouzah and Ayta al-Shaab,high,33.109,35.333,False,4,0,1,-1.115406996393813,-0.8202221353617555,7117,953,2529.2433609666996
strike,Israeli strike on Marj Harouf,high,33.204,35.34,False,4,0,1,-0.8007918162725021,-0.7867530730531069,8327,1349,2907.4272847363995
strike,Strike in Jaroud Baalbek-Hermel,high,34.0,36.3,False,4,0,1,1.835352219270299,3.803289757843968,78,113,3739.2051282051284
strike,Israeli attack on southern suburbs of Beirut,critical,33.85,35.51,False,4,0,2,1.3385914085524386,0.0260670115848961,421,295,38910.32779097387
strike,Strikes on Harouf and Arnoun El Shaqif,high,33.36,35.49,False,4,0,1,-0.2841605731259266,-0.0695588807254411,5419,1075,3254.965122716368
strike,Israeli raid on Arnoun,high,33.342,35.539,False,4,0,1,-0.3437718704120726,0.1647245554349294,5480,878,3331.536131386861
strike,Artillery shelling between Al-Qawzah and Ayta al-Shaab,high,33.078,35.334,False,4,0,1,-1.2180708972755008,-0.8154408407462149,6320,771,2238.7321202531643
strike,Intense shelling on Khiam and Tel Nahas,critical,33.364,35.617,False,4,0,2,-0.2709136181734575,0.5376655354452993,4690,652,3391.660554371002
strike,Strike on Jaroud Shemstar,high,34.095,36.082,False,4,0,1,2.1499673993916093,2.7609675316611004,151,200,3215.2119205298013
strike,Shelling on Khiam and Tall Nahas,high,33.361,35.617,False,4,0,1,-0.2808488343878151,0.5376655354452993,4679,652,3389.0489420816416
strike,Strike on Al Majadel,high,33.19,35.36,False,4,0,1,-0.8471561586061791,-0.6911271807427696,8301,1296,2874.7448500180703
strike,"Strike on Yaroun, Arnoun and Maroun al-Ras and Al Majadel",high,33.116,35.419,False,4,0,1,-1.092224825226986,-0.4090307984272303,6731,883,2544.7619967315404
evacuation,Evacuation of Kfarjouz,critical,33.398,35.5,False,1,0,2,-0.1583145010773881,-0.0217459345702724,4813,1163,3380.366507375857
strike,Artillery shelling on Ayta al-Shaab,high,33.047,35.328,False,4,0,1,-1.3207347981572124,-0.8441286084393229,5710,599,2157.498949211909
strike,Drone strike on Hajarouf (Nabatieh),high,33.25,35.45,False,4,0,1,-0.6484518343190255,-0.2608106653461498,6760,1361,3777.8782544378696
strike,Drone strike on Marj Harouf,high,33.25,35.45,False,4,0,1,-0.6484518343190255,-0.2608106653461498,6760,1361,3777.8782544378696
strike,Strike on Marj Harouf,high,33.25,35.45,False,4,0,1,-0.6484518343190255,-0.2608106653461498,6760,1361,3777.8782544378696
strike,Nabatiyeh attacks,high,33.3833,35.4833,False,4,0,1,-0.2069970605277549,-0.1015935546494208,5120,1323,3444.2732421875
strike,Hazmieh Hotel Airstrike,critical,33.8475,35.5398,False,4,0,2,1.330312061707125,0.1685495911273347,421,295,38910.32779097387
strike,Israeli attack on Marj Harouf.,high,33.155,35.368,False,4,0,1,-0.9630670144403364,-0.6528768238186142,7906,1076,2766.5246648115353
strike,Marj Harouf airstrike,high,33.22,35.37,False,4,0,1,-0.7478039964626023,-0.643314234587601,8664,1503,3025.684210526316
strike,A drone strike targeted a coffee kiosk in Marj Harouf.,high,33.155,35.368,False,4,0,1,-0.9630670144403364,-0.6528768238186142,7906,1076,2766.5246648115353
strike,New strike targeting Jaroud Shamsatar.,high,33.916,36.0,False,4,0,1,1.557166165268284,2.368901373188636,283,282,5578.819787985865
strike,Renewed shelling on Khiam and machine gun fire towards Tal Nahas.,high,33.398,35.608,False,4,0,1,-0.1583145010773881,0.4946338839056373,4101,611,3557.8995366983663
strike,Israeli air attack hit the southern suburbs of Beirut.,high,33.8569,35.515,False,4,0,1,1.361442405845466,0.0499734846624974,421,295,38910.32779097387
strike,Israeli forces bomb a hotel in Beirut and a residential building in Lebanon's east.,high,33.8938,35.5018,False,4,0,1,1.4836455652820466,-0.0131396042623265,416,291,39255.033653846156
strike,Shelling on the Nabatieh district in southern Lebanon.,high,33.3667,35.4833,False,4,0,1,-0.2619719235805214,-0.1015935546494208,5522,1204,3373.8006157189425
strike,A massive Israeli assault targeted underground weapon depots and Hezbollah headquarters in Beirut.,critical,33.8938,35.5018,False,4,0,2,1.4836455652820466,-0.0131396042623265,416,291,39255.033653846156
strike,Israeli strike hits Beirut's southern suburbs.,high,33.8569,35.515,False,4,0,1,1.361442405845466,0.0499734846624974,421,295,38910.32779097387
strike,"A drone strike targeted a coffee kiosk in Marj Harouf, near Al-Rimal Cooperative.",high,33.205,35.347,False,4,0,1,-0.7974800775343907,-0.7532840107444922,8413,1394,2905.653274693926
strike,Marj Harouf Strike,high,33.308,35.438,False,4,0,1,-0.4563709875081184,-0.3181862007323657,6010,1357,3775.084193011647
strike,Shemstar Outskirts strike,high,34.0,36.083,False,4,0,1,1.835352219270299,2.765748826276607,254,263,4522.5157480314965
strike,Marj Harouf strike,high,33.284,35.343,False,4,0,1,-0.5358527172229798,-0.7724091892065529,5930,1614,3587.2193929173695
strike,Khiam bombardment,high,33.36,35.602,False,4,0,1,-0.2841605731259266,0.4659461162125293,4789,669,3393.5919816245564
road_closure,Adlieh Roundabout Heavy Traffic,medium,33.882,35.52,False,3,0,0,1.444567048172238,0.0738799577400988,421,295,38910.32779097387
strike,Hula airstrikes,high,33.155,35.558,False,4,0,1,-0.9630670144403364,0.2555691531297601,4789,549,3141.6596366673625
strike,Kfar Shouba phosphorus shelling,critical,33.359,35.688,False,4,0,2,-0.2874723118640379,0.8771374531470885,3552,470,3486.8941441441443
strike,Majdal strike,high,33.181,35.344,False,4,0,1,-0.8769618072492521,-0.7676278945910462,8020,1254,2884.3321695760596
strike,Yahmar El Shekif airstrike,high,33.435,35.539,False,4,0,1,-0.0357801677669847,0.1647245554349294,3859,955,3733.606892977455
strike,Ayta al-Shaab shelling,medium,33.078,35.34,False,4,0,0,-1.2180708972755008,-0.7867530730531069,6617,822,2307.2776182560074
strike,Beirut southern suburbs strike,critical,33.861,35.537,False,4,0,2,1.3750205346717344,0.1551619662038821,421,295,38910.32779097387
hospital_status,Bahman Hospital,critical,33.824,35.503,False,2,0,2,1.252486201361331,-0.0074020507237184,421,298,38415.1971496437
strike,Southern Lebanon Strike Zone - Ghara Sarifa,high,33.27876,35.40258,False,4,0,1,-0.5532062282107257,-0.4875396560140164,6585,1588,3832.256188306758
strike,Libbaya Strike,critical,33.56,35.74,False,4,0,2,0.3781871744979027,1.125764773154013,318,114,4071.7075471698113
strike,Mefdon Raid,high,33.34882,35.47614,False,4,0,1,-0.3211858122180847,-0.1358276240965233,5355,1199,3482.2782446311858
strike,Strike Zone - Al-Shaara neighborhood & eastern Lebanese mountain range,high,33.85022,36.13369,False,4,0,1,1.3393199910748208,3.00811265033722,234,226,5076.628205128205
strike,Strike Zone - Mefdoun,high,33.34088,35.48018,False,4,0,1,-0.3474810177987668,-0.1165111938498491,5779,1144,3337.5843571552173
strike,Tyre Airstrike,critical,33.26727,35.21496,False,4,0,2,-0.5912581063116973,-1.3846061517774817,5231,1019,2526.950296310457
strike,"Air strike in Labaya, Western Beqaa",critical,33.6401,35.7979,False,4,0,2,0.6434574474212243,1.402601731392478,142,95,6569.077464788732
strike,Strike on Qa'qa'iyat al-Jisr,critical,33.4542,35.4622,False,4,0,2,0.0278052160048949,-0.2024788710368324,2479,1135,5340.316659943525
strike,Siddiqin Airstrike,critical,33.12033,35.43949,False,4,0,2,-1.0778849964909205,-0.3110620717552591,5784,796,2752.45020746888
strike,Tebnine Strike Zone,medium,33.19793,35.41906,False,4,0,0,-0.8208940704128888,-0.4087439207502761,7659,1250,3072.8831440135787
strike,Southern Lebanon Strike Zone - Bani Hayyan,high,33.24661,35.49013,False,4,0,1,-0.6596786286412596,-0.0689373124254303,6340,1141,3501.2652996845427
strike,Eastern Mountain Range Airstrikes (Nabi Sheet/Janta),high,33.85191,36.11412,False,4,0,1,1.3449168295422302,2.914542714711528,252,232,5594.706349206349
strike,Strike Zone: Jaroud Taraya,high,33.98197,36.02863,False,4,0,1,1.7756415698220012,2.5057898380309096,292,293,5153.246575342466
strike,Nabatieh Strike Zone - Al-Bayad neighborhood,high,33.37386,35.48344,False,4,0,1,-0.2382598742155922,-0.1009241734032396,5210,1340,3416.6086372360846
strike,Strike Zone: Zahrani Area,high,33.41069,35.45237,False,4,0,1,-0.1162885364906594,-0.2494789971073768,3812,1316,4423.2791185729275
strike,Strike Zone - Deir Siryan and Deir Kifa,high,33.29166,35.50009,False,4,0,1,-0.5104847984889831,-0.0213156180548751,6161,1073,3323.9019639668886
strike,Strike Zone: Harbatta Heights (Bekaa Valley),medium,34.21665,36.25111,False,4,0,0,2.552840416883806,3.569532264091301,103,88,4089.0776699029125
strike,Al-Sha'ra near Nabi Shit Strike Zone,high,33.84082,35.49957,False,4,0,1,1.3081896469365033,-0.0238018912549522,421,295,38910.32779097387
strike,Strike Zone: Al-Jurn-Al-Jamijmah,high,33.20339,35.44052,False,4,0,1,-0.8028119769027606,-0.3061373383012753,7228,1231,3346.4641671278364
strike,Zawtar al-Gharbiya Strike Zone,high,33.35637,35.44275,False,4,0,1,-0.2961821847453026,-0.2954750513086835,5029,1371,3888.531517200239
strike,"Southern Lebanon Strike Zone - Arab Salim, Taybeh, Majdal Selm, Aita al-Shaab",high,33.09529,35.33461,False,4,0,1,-1.1608109344934363,-0.8125242510307745,6881,900,2437.16698154338
strike,Haboush and Arnoun Strike Zone (Nabatieh),high,33.40439,35.48481,False,4,0,1,-0.13715249054082,-0.0943737997799734,4556,1280,3552.556189640035
road_closure,Road Disruption: Bsous Intersection,medium,33.805,35.566,False,3,0,0,1.1895631653370735,0.2938195100539154,424,298,38647.25
strike,Strike Zone Majdal Selm,high,33.22564,35.46558,False,4,0,1,-0.7291257899796117,-0.1863180952363825,7282,1315,3609.9046965119473
strike,Strike Zone Sir al-Gharbiya,high,33.31893,35.35675,False,4,0,1,-0.4201736831004704,-0.7066663882432087,4973,1550,4072.9911522219986
strike,Strike Zone: Zibqin and Yater,high,33.15899,35.291,False,4,0,1,-0.9498531768752354,-1.0210365092135114,7061,1038,2781.5337770853985
strike,Strike Zone: Sir al-Gharbiya,high,33.31893,35.35675,False,4,0,1,-0.4201736831004704,-0.7066663882432087,4973,1550,4072.9911522219986
strike,Kafr Rumman/Nabatieh Airstrike,high,33.38876,35.49082,False,4,0,1,-0.1889149670176267,-0.065638219140729,4957,1290,3418.396207383498
strike,Zibqin and Yater area Strike Zone,high,33.15899,35.291,False,4,0,1,-0.9498531768752354,-1.0210365092135114,7061,1038,2781.5337770853985
strike,Al-Kafour Airstrike,high,33.14649,35.43142,False,4,0,1,-0.9912499111017335,-0.349647119302471,7439,1028,2645.5170049737867
strike,"Airstrike in Labwe, Western Bekaa",critical,34.1804,36.3713,False,4,0,2,2.4327898876269805,4.144196063930392,102,88,4104.068627450981
strike,Qaaqaiyat al-Jisr Strike Zone,high,33.32897,35.42301,False,4,0,1,-0.3869238261697663,-0.3898578070189993,5267,1412,4095.7134991456237
strike,Airstrike - Khirbet Selm and Majdal Selm,high,33.22263,35.46696,False,4,0,1,-0.7390941235813376,-0.1797199086669799,7243,1303,3592.5503244511942
strike,Deir Syrian and Deir Kifa Strike Zone,high,33.29166,35.50009,False,4,0,1,-0.5104847984889831,-0.0213156180548751,6161,1073,3323.9019639668886
strike,Zibqin and Jabal al-Batoum Strike Zone,high,33.16371,35.2807,False,4,0,1,-0.9342217700313168,-1.070283843753315,6924,1031,2810.925765453495
strike,Kafrman - Nabatieh Region Strike Zone,high,33.38733,35.49906,False,4,0,1,-0.1936507534131342,-0.0262403515088589,5204,1229,3340.735972328978
strike,"Qalila, Tyre district Strike Zone",high,33.19821,35.23487,False,4,0,1,-0.8199667835662034,-1.2894105759825074,6069,978,2550.2011863568955
strike,Strike Zone: Yater,high,33.14979,35.32877,False,4,0,1,-0.9803211732659308,-0.8404470115853946,8075,1161,2741.5852631578946
strike,Roumine Strike Zone,medium,33.26871,35.43417,False,4,0,0,-0.5864892025288216,-0.3364985591098021,6662,1466,3870.3090663464427
strike,Al-Haniyah and Al-Qalilah Strike Zone (Tyre),high,33.19534,35.23006,False,4,0,1,-0.8294714737446102,-1.312408603083144,6069,978,2550.2011863568955
strike,Jezzine District Strike Zone (Mount Rihan),critical,33.4339,35.57974,False,4,0,2,-0.039423080378919,0.3595144980711232,3860,658,3687.0492227979275
strike,Qalila Strike Zone (Tyre),high,33.19821,35.23487,False,4,0,1,-0.8199667835662034,-1.2894105759825074,6069,978,2550.2011863568955
strike,Airstrike in Tripoli,critical,34.4367,35.8497,False,4,0,2,3.2815885262069155,1.6502727924763012,72,33,28990.875
strike,Strike Zone - Kafr Rumman / Nabatieh,high,33.38876,35.49082,False,4,0,1,-0.1889149670176267,-0.065638219140729,4957,1290,3418.396207383498
strike,Al-Adisa and Deir Siryan Strike Zone,high,33.28549,35.50867,False,4,0,1,-0.5309182265031691,0.0197078897462773,6210,1034,3429.4919484702095
road_closure,Road Disruption: Corniche El Mazraa,high,33.878,35.494,False,3,0,1,1.4313200932197692,-0.0504337022633804,420,295,38962.03571428572
strike,Strike Zone - Wadi al-Uyun on the Beit Leef road,high,33.13427,35.33632,False,4,0,1,-1.0317193584815465,-0.8043482372382258,7903,1060,2656.745919271163
strike,Al-Jurn-Al-Jamijmah area Strike Zone,high,33.20339,35.44052,False,4,0,1,-0.8028119769027606,-0.3061373383012753,7228,1231,3346.4641671278364
strike,"Kfour Strike Zone, Southern Lebanon",high,33.3955,35.45305,False,4,0,1,-0.1665938479227019,-0.2462277167688459,4225,1336,4353.049704142012
strike,Tibnin and Safad al-Batikh area Strike Zone,high,33.19706,35.42044,False,4,0,1,-0.8237752831150492,-0.4021457341808735,7584,1243,3076.303533755274
strike,"Strike in Tripoli, North Lebanon",high,34.4367,35.8497,False,4,0,1,3.2815885262069155,1.6502727924763012,72,33,28990.875
strike,Strike Zone - Haboush / Kafr Tebnit / Arnoun,high,33.40439,35.48481,False,4,0,1,-0.13715249054082,-0.0943737997799734,4556,1280,3552.556189640035
strike,Deir Siryan/Deir Kifa Strike Zone,high,33.29166,35.50009,False,4,0,1,-0.5104847984889831,-0.0213156180548751,6161,1073,3323.9019639668886
strike,Strike Zone - Rmeen,high,33.46083,35.43949,False,4,0,1,0.0497620438386287,-0.3110620717552591,1967,1098,5210.78139298424
strike,Strike Zone Mefdoun,high,33.34088,35.48018,False,4,0,1,-0.3474810177987668,-0.1165111938498491,5779,1144,3337.5843571552173
strike,Louaizeh Strike Zone (Jezzine),high,33.45566,35.53442,False,4,0,1,0.032640354562554,0.1428262260958375,3281,942,4410.558061566596
strike,Al-Abbasiya Outskirts Strike Zone (Tyre District),high,33.29541,35.2771,False,4,0,1,-0.4980657782210477,-1.087496504369207,3761,1278,3649.55490561021
strike,Al-Haniyah and Al-Qalilah area Strike Zone,high,33.19534,35.23006,False,4,0,1,-0.8294714737446102,-1.312408603083144,6069,978,2550.2011863568955
strike,Strike Zone: Rmeen,high,33.46083,35.43949,False,4,0,1,0.0497620438386287,-0.3110620717552591,1967,1098,5210.78139298424
strike,"Strike in Labaya, Western Bekaa",critical,33.5854,35.6888,False,4,0,2,0.46230533844612,0.8809624888394938,373,94,3214.8016085790887
strike,Airstrike - Taybeh and Sultaniyeh,high,33.20956,35.40258,False,4,0,1,-0.7823785488885511,-0.4875396560140164,8353,1396,2997.600861965761
strike,Airstrike - Qaqaiyat al-Jisr,high,33.32897,35.42301,False,4,0,1,-0.3869238261697663,-0.3898578070189993,5267,1412,4095.7134991456237
strike,"Strike Zone - Al-Housh, south of Tyre",high,33.24245,35.23676,False,4,0,1,-0.6734554617918312,-1.2803739291591982,5901,1044,2562.9747500423655
strike,"Rmeen Strike Zone, Southern Lebanon",high,33.46083,35.43949,False,4,0,1,0.0497620438386287,-0.3110620717552591,1967,1098,5210.78139298424
strike,Al Wardieh (Aishieh) Airstrike,high,33.40166,35.58077,False,4,0,1,-0.146193537295884,0.3644392315251069,4433,723,3436.527633656666
strike,Strike Zone: Litani Valley (Khardali area),high,33.33744,35.54386,False,4,0,1,-0.3588733990578887,0.1879616472663496,5468,876,3330.5788222384786
strike,Strike Zone: Ain Baal outskirts,high,33.22866,35.26646,False,4,0,1,-0.7191243389904942,-1.1383694790782932,6515,1128,2804.2504988488104
strike,Strike Zone - Kafr Rumman roundabout,high,33.38876,35.49082,False,4,0,1,-0.1889149670176267,-0.065638219140729,4957,1290,3418.396207383498
road_closure,Dahiyeh (Southern Suburbs) Road Closure - Tayouneh,medium,33.8683,35.5147,False,3,0,0,1.3991962274600065,0.0485390962778284,421,295,38910.32779097387
strike,Strike in Tripoli,critical,34.4367,35.8497,False,4,0,2,3.2815885262069155,1.6502727924763012,72,33,28990.875
strike,"Airstrike in Labaya, Western Beqaa",critical,33.585,35.795,False,4,0,2,0.4609806429508754,1.3887359770074916,167,98,5579.263473053892
strike,"Air strike in Labaya, Western Bekaa",critical,33.616,35.795,False,4,0,2,0.5636445438325636,1.3887359770074916,146,93,6259.164383561644
strike,"Jebchit, Kafr Remman, and University District Strike Zone",high,33.376,35.48138,False,4,0,1,-0.2311727533160268,-0.1107736403112071,5087,1324,3445.188912915274
strike,Strike Zone - Nabatieh and surrounding areas,high,33.39343,35.480095,False,4,0,1,-0.173449147110596,-0.1169176038921613,4678,1272,3545.4756306113723
strike,Airstrike - Abba and Jebchit,high,33.36067,35.41288,False,4,0,1,-0.2819417081713884,-0.4382923214741787,4902,1415,4168.628722970217
strike,Zahle Strike Zone (Bekaa Valley),high,33.83195,35.91328,False,4,0,1,1.2788145243293811,1.9542675041309323,226,128,6112.769911504425
strike,Artillery Shelling - Qouzah and Aita al-Shaab,high,33.11989,35.33855,False,4,0,1,-1.079342161535708,-0.793685950245634,7547,1019,2583.6554922485757
strike,Strike Zone: Taybeh (Marjeyoun District),medium,33.27489,35.51846,False,4,0,0,-0.5660226571272439,0.0665167640321743,6108,1009,3416.7357563850687
strike,Al Khiam Air Raid,high,33.32648,35.60206,False,4,0,1,-0.3951700556276883,0.4662329938894835,5025,685,3349.203383084577
strike,Airstrike - Tyre,high,33.26727,35.21496,False,4,0,1,-0.5912581063116973,-1.3846061517774817,5231,1019,2526.950296310457
strike,Qaaqaiyat al-Jisr Airstrike,critical,33.4,35.5,False,4,0,2,-0.1516910236011654,-0.0217459345702724,4746,1152,3372.458069953645
strike,Raid - Bint Jbeil,high,33.11429,35.434,False,4,0,1,-1.097887898469179,-0.3373113791944603,6144,813,2641.8204752604165
strike,Raid - Kafr Rumman,high,33.38962,35.50266,False,4,0,1,-0.1860668717028345,-0.0090276908930009,4880,1186,3336.0936475409835
strike,Beirut Suburbs Strike Zone,critical,33.862645,35.5106,False,4,0,2,1.3804683448959518,0.0289357883542001,421,295,38910.32779097387
strike,"Strike Zone: Taybeh, Marjeyoun District",high,33.27489,35.51846,False,4,0,1,-0.5660226571272439,0.0665167640321743,6108,1009,3416.7357563850687
strike,Strike Zone: Al-Housh (Tyre),high,33.24332,35.23401,False,4,0,1,-0.6705742490896708,-1.293522489351867,5801,1034,2596.7743492501295
strike,Haboush/Arnoun Strike Zone,high,33.40439,35.48481,False,4,0,1,-0.13715249054082,-0.0943737997799734,4556,1280,3552.556189640035
strike,Strike Zone - Shaqra,high,33.12033,35.43949,False,4,0,1,-1.0778849964909205,-0.3110620717552591,5784,796,2752.45020746888
strike,Strike Zone - Roumine and Ghandouriyeh,high,33.26814,35.43477,False,4,0,1,-0.5883768936095369,-0.3336297823404981,6662,1466,3870.3090663464427
strike,Strike Zone: Zahle road,high,33.83808,35.90607,False,4,0,1,1.2991154827940474,1.919794369953046,226,127,6140.41592920354
strike,"Jebchit, Kafr Remman, and University District Strike Zone - Nabatieh",high,33.376,35.48138,False,4,0,1,-0.2311727533160268,-0.1107736403112071,5087,1324,3445.188912915274
strike,"Strike Zone - Jebchit, Kafr Remman, and university district in Nabatieh",high,33.376,35.48138,False,4,0,1,-0.2311727533160268,-0.1107736403112071,5087,1324,3445.188912915274
strike,Artillery shelling on Al-Qawzah and Beit Leif,high,33.155,35.323,False,4,0,1,-0.9630670144403364,-0.8680350815169242,8084,1170,2742.439757545769
strike,Targeted killing in Tripoli,critical,34.4367,35.8497,False,4,0,2,3.2815885262069155,1.6502727924763012,72,33,28990.875
strike,"Strike Zone - Sharqiya, Kafr Tebnit and Jebchit (Nabatieh)",high,33.34637,35.51007,False,4,0,1,-0.329299572126487,0.0264017022079867,5624,1056,3221.586237553343
strike,"Strike in Labaya, Western Beqaa",critical,33.565,35.698,False,4,0,2,0.3947458681884831,0.9249503993022572,426,98,3386.981220657277
strike,"Safad al-Batikh Area Strike Zone, Southern Lebanon",high,33.19577,35.43898,False,4,0,1,-0.828047426087214,-0.3135005320091658,7216,1136,3046.8967572062083
road_closure,Heavy Traffic - Achrafieh,medium,33.883,35.518,False,3,0,0,1.447878786910373,0.0643173685090514,421,295,38910.32779097387
strike,Eastern Mountain Range Strike Zone (Nabi Sheet/Janta),high,33.84136,36.10004,False,4,0,1,1.3099779858550904,2.8472220865250377,246,229,5589.544715447155
strike,Strike Zone: Al-Nafakhiyah,high,33.26914,35.38868,False,4,0,1,-0.5850651548714255,-0.5539996511697121,7213,1637,3664.60626646333
strike,Zahle Regional Strike Zone,high,33.83808,35.90607,False,4,0,1,1.2991154827940474,1.919794369953046,226,127,6140.41592920354
road_closure,"Heavy Traffic - Adlieh Roundabout, Beirut",medium,33.878,35.514,False,3,0,0,1.4313200932197692,0.0451921900469908,421,295,38910.32779097387
strike,Strike Zone - Srifa,high,33.27862,35.3928,False,4,0,1,-0.5536698716340684,-0.5343007173537769,6316,1549,3854.3275807473083
strike,Airstrike - Yahmar al-Shaqif,high,33.30832,35.52858,False,4,0,1,-0.4553112311119133,0.1149034655412174,5818,953,3126.5455482983843
strike,Strike Zone - Sir al-Gharbiya,high,33.31893,35.35675,False,4,0,1,-0.4201736831004704,-0.7066663882432087,4973,1550,4072.9911522219986
strike,Al-Bayyad Neighborhood Airstrike,high,33.37414,35.48361,False,4,0,1,-0.2373325873689304,-0.1001113533186154,5210,1340,3416.6086372360846
strike,Airstrike,critical,33.379,35.484,False,4,0,2,-0.2212375371016691,-0.0982466484185491,5126,1323,3431.6746000780336
strike,"Airstrike Labaya, West Bekaa",critical,33.548,35.795,False,4,0,2,0.338446309640472,1.3887359770074916,221,110,5493.343891402715
strike,Strike Zone: Deir Siryan and Deir Kifa,high,33.29166,35.50009,False,4,0,1,-0.5104847984889831,-0.0213156180548751,6161,1073,3323.9019639668886
strike,"Jebchit, Kafr Remman, University District Nabatieh Strike Zone",high,33.376,35.48138,False,4,0,1,-0.2311727533160268,-0.1107736403112071,5087,1324,3445.188912915274
strike,"Jebchit, Kafr Remman, and University District, Nabatieh Strike Zone",high,33.376,35.48138,False,4,0,1,-0.2311727533160268,-0.1107736403112071,5087,1324,3445.188912915274
strike,Strike Zone: Serein (Bekaa Valley),high,33.8827,36.06932,False,4,0,1,1.446885265288928,2.70034071593632,269,270,5603.698884758364
strike,Al-Housh area - Tyre,high,33.24332,35.23401,False,4,0,1,-0.6705742490896708,-1.293522489351867,5801,1034,2596.7743492501295
road_closure,"Rocket launcher confiscated in Kafermalki, north of Litani",medium,33.568,35.617,False,3,0,0,0.4046810844028408,0.5376655354452993,616,277,3487.396103896104
strike,"Janta Mountains, Bekaa Valley Strike Zone",medium,33.85091,36.11052,False,4,0,0,1.3416050908041188,2.8973300540956703,252,232,5594.706349206349
strike,Hamas commander eliminated in Tripoli,high,34.4367,35.8497,False,4,0,1,3.2815885262069155,1.6502727924763012,72,33,28990.875
strike,Israeli Navy eliminates Hamas commander in Tripoli,high,34.4367,35.8497,False,4,0,1,3.2815885262069155,1.6502727924763012,72,33,28990.875
strike,Ain Baal outskirts - Southern Lebanon,high,33.22866,35.26646,False,4,0,1,-0.7191243389904942,-1.1383694790782932,6515,1128,2804.2504988488104
strike,Strike Zone: Srifa (Tyre district),high,33.27845,35.392942,False,4,0,1,-0.5542328672195391,-0.5336217735183889,6316,1549,3854.3275807473083
strike,"Haboush, Kafr Tebnit and Barashit Airstrikes",high,33.34875,35.51888,False,4,0,1,-0.3214176339297561,0.0685249077707177,5497,957,3219.253774786247
road_closure,Tayouneh Roundabout Heavy Traffic,medium,33.864,35.513,False,3,0,0,1.384955750886092,0.0404108954314501,421,295,38910.32779097387
strike,Al-Kafour and Harouf Strike Zone,high,33.14649,35.43142,False,4,0,1,-0.9912499111017335,-0.349647119302471,7439,1028,2645.5170049737867
strike,Southern Lebanon Strike Zone - Adshit (Ain Area),high,33.27173,35.48859,False,4,0,1,-0.5764877515397041,-0.0763005061333208,6634,1233,3513.755049743744
strike,Strike Zone: Taybeh (Marjeyoun district),high,33.27489,35.51846,False,4,0,1,-0.5660226571272439,0.0665167640321743,6108,1009,3416.7357563850687
strike,"Airstrike in Labaya, West Beqaa",critical,33.585,35.78,False,4,0,2,0.4609806429508754,1.3170165577747217,175,98,5568.074285714286
strike,Strike in Qa'qaiyat al-Jisr,critical,33.398,35.568,False,4,0,2,-0.1583145010773881,0.3033820992849287,4547,730,3396.017154167583
hospital_status,Jabal Amel Tyre,critical,33.273,35.205,False,2,0,2,-0.5722818433422756,-1.4322278461480369,4601,967,2740.6133449250165
strike,Jebchit Airstrike,high,33.36052,35.43057,False,4,0,1,-0.2824384689820992,-0.3537112197256601,4852,1366,4000.541014014839
strike,Strike Zone - Zahrani,high,33.41069,35.45237,False,4,0,1,-0.1162885364906594,-0.2494789971073768,3812,1316,4423.2791185729275
strike,Kafr Rumman Airstrike (2),high,33.38962,35.50266,False,4,0,1,-0.1860668717028345,-0.0090276908930009,4880,1186,3336.0936475409835
strike,Al-Bayyad Neighborhood Nabatieh Strike Zone (Russian Cultural Center),high,33.37414,35.48361,False,4,0,1,-0.2373325873689304,-0.1001113533186154,5210,1340,3416.6086372360846
strike,Al-Mansouri,high,33.17149,35.21135,False,4,0,1,-0.9084564426487608,-1.4018666253394758,5768,849,2539.5729889042996
strike,Lebaaya Airstrike,critical,33.568,35.742,False,4,0,2,0.4046810844028408,1.1353273623850264,275,114,4687.72
strike,Strike Zone - Kafr Rumman and Nabatieh,high,33.38876,35.49082,False,4,0,1,-0.1889149670176267,-0.065638219140729,4957,1290,3418.396207383498
strike,Strike Zone - Zawtar al-Gharbiya and Jebchit,high,33.35637,35.44275,False,4,0,1,-0.2961821847453026,-0.2954750513086835,5029,1371,3888.531517200239
strike,Zahrani / Saida Strike Zone,high,33.41069,35.45237,False,4,0,1,-0.1162885364906594,-0.2494789971073768,3812,1316,4423.2791185729275
strike,Strike Zone - Al-Sawana,high,33.23483,35.43743,False,4,0,1,-0.6986909109762847,-0.3209115386632266,7619,1460,3707.333902086888
road_closure,Bourj Hammoud - Sin el Fil Heavy Traffic,medium,33.8967,35.5484,False,3,0,0,1.493249607622605,0.2096687248207941,418,291,39113.80622009569
strike,"Airstrike in Labaya, West Bekaa",critical,33.6,35.78,False,4,0,2,0.5106567240226638,1.3170165577747217,177,98,5530.966101694915
road_closure,Khiam Intersection Closure Scatter,medium,33.36784,35.61807,False,3,0,0,-0.2581965414190674,0.5427815206839305,4387,616,3372.6282197401415
strike,Shaqra,high,33.18687,35.46318,False,4,0,1,-0.8575219008564877,-0.1977932023136325,6625,1022,2986.8581132075474
strike,Lebanese Border Strike Zone (Serghaya Area),high,33.84618,36.11858,False,4,0,1,1.3259405665728083,2.9358672886967456,239,227,5008.121338912134
strike,Al-Jurn-Al-Jamijmah Area Strike Zone,high,33.20339,35.44052,False,4,0,1,-0.8028119769027606,-0.3061373383012753,7228,1231,3346.4641671278364
hospital_status,Jabal Amel Tyre Governmental Hospital,medium,33.273,35.205,False,2,0,0,-0.5722818433422756,-1.4322278461480369,4601,967,2740.6133449250165
strike,Strike Zone - Zibqin,high,33.16244,35.26955,False,4,0,1,-0.9384276782287452,-1.123595278716342,6865,1027,2815.1332847778585
strike,Ma'raka (Tyre) Strike Zone,high,33.27216,35.3116,False,4,0,1,-0.575063703882308,-0.922541840133836,6228,1584,3239.0727360308283
strike,Strike Zone - Al-Housh area south of Tyre,high,33.24245,35.23676,False,4,0,1,-0.6734554617918312,-1.2803739291591982,5901,1044,2562.9747500423655
strike,Tayr Falsay Airstrike,high,33.90182,36.1203,False,4,0,1,1.510205709961768,2.944091115435431,255,268,4804.054901960784
strike,Al-Haniyah and Al-Qalilah Strike Zone (Tyre district),high,33.19534,35.23006,False,4,0,1,-0.8294714737446102,-1.312408603083144,6069,978,2550.2011863568955
strike,Strike Zone - Safad al-Batikh,high,33.19577,35.43898,False,4,0,1,-0.828047426087214,-0.3135005320091658,7216,1136,3046.8967572062083
strike,Strike Zone: Majdal Selm,medium,33.22564,35.46558,False,4,0,0,-0.7291257899796117,-0.1863180952363825,7282,1315,3609.9046965119473
strike,Strike Zone - Al-Sawana and Zibqin,high,33.16244,35.26955,False,4,0,1,-0.9384276782287452,-1.123595278716342,6865,1027,2815.1332847778585
strike,Strike Zone - Al-Jurn-Al-Jamijmah,high,33.20339,35.44052,False,4,0,1,-0.8028119769027606,-0.3061373383012753,7228,1231,3346.4641671278364
strike,"Airstrike on Labaya, Western Bekaa",critical,33.57,35.68,False,4,0,2,0.4113045618790871,0.8388870962229332,445,105,3352.361797752809
strike,Strike Zone - Zahle Road,high,33.83808,35.90607,False,4,0,1,1.2991154827940474,1.919794369953046,226,127,6140.41592920354
road_closure,Shiah to Tayouneh Road Disruptions,medium,33.845,35.505,False,3,0,0,1.3220327148618347,0.0021605385073288,421,295,38910.32779097387
road_closure,"Tayouneh Roundabout, Beirut - Traffic",medium,33.8687,35.5057,False,3,0,0,1.4005209229552509,0.0055074447381665,421,295,38910.32779097387
road_closure,"Road Closure: Tayouneh Roundabout, Beirut",medium,33.868,35.51,False,3,0,0,1.3982027058385846,0.0260670115848961,421,295,38910.32779097387
strike,"Strike Zone - Jebchit, Kafr Remman, and Nabatieh university district",high,33.376,35.48138,False,4,0,1,-0.2311727533160268,-0.1107736403112071,5087,1324,3445.188912915274
strike,Haboush Strike Zone (Nabatieh),high,33.40439,35.48481,False,4,0,1,-0.13715249054082,-0.0943737997799734,4556,1280,3552.556189640035
evacuation,Baalbek & Bekaa Valley Evacuation Zone,high,33.92348,36.13412,False,1,0,1,1.581937971029418,3.0101686070219,266,263,4443.830827067669
strike,Al-Kharaib Strike,high,33.34045,35.29615,False,4,0,1,-0.3489050654561629,-0.9964128419435926,2849,1292,5076.586872586872
strike,Al-Haniyah and Al-Qalilah Strike,high,33.19534,35.23006,False,4,0,1,-0.8294714737446102,-1.312408603083144,6069,978,2550.2011863568955
evacuation,Raml el Bayda Gathering,medium,33.865,35.485,False,1,0,0,1.388267489624227,-0.0934653538030424,420,295,38962.03571428572
strike,Strike Zone - Deir Syrian and Deir Kifa,high,33.29166,35.50009,False,4,0,1,-0.5104847984889831,-0.0213156180548751,6161,1073,3323.9019639668886
strike,Qalila Strike Zone (Tyre district),high,33.19821,35.23487,False,4,0,1,-0.8199667835662034,-1.2894105759825074,6069,978,2550.2011863568955
strike,Haboush Strike,high,33.40439,35.48481,False,4,0,1,-0.13715249054082,-0.0943737997799734,4556,1280,3552.556189640035
strike,Qasimiya Raid,critical,33.3268,35.25049,False,4,0,2,-0.3941102992314833,-1.2147267540881268,2422,1108,4707.251857968621
evacuation,Southeastern suburbs threatened,critical,33.856,35.493,False,1,0,2,1.358461840981154,-0.0552149968788871,421,295,38910.32779097387
evacuation,Southeastern suburbs under threat,critical,33.856,35.493,False,1,0,2,1.358461840981154,-0.0552149968788871,421,295,38910.32779097387
strike,Strike Zone - Tyre and Al-Housh Area,high,33.25486,35.22586,False,4,0,1,-0.6323567840517643,-1.3324900404683395,5253,950,2505.592423377118
strike,Louaizeh Strike Zone (Jezzine district),high,33.45566,35.53442,False,4,0,1,0.032640354562554,0.1428262260958375,3281,942,4410.558061566596
strike,Khirbet Selm Strike,high,33.22263,35.46696,False,4,0,1,-0.7390941235813376,-0.1797199086669799,7243,1303,3592.5503244511942
strike,"Al-Haniyah and Al-Qalilah Area Strike Zone, Tyre District",high,33.19534,35.23006,False,4,0,1,-0.8294714737446102,-1.312408603083144,6069,978,2550.2011863568955
strike,"Toulene and Adchit Strike Zone, Southern Lebanon",high,33.26011,35.46696,False,4,0,1,-0.6149701556766501,-0.1797199086669799,6466,1299,3673.2310547479124
strike,Strike Zone - Eastern mountain range,high,33.85191,36.11412,False,4,0,1,1.3449168295422302,2.914542714711528,252,232,5594.706349206349
strike,Khraibeh Airstrike,high,33.34131,35.29787,False,4,0,1,-0.3460569701413706,-0.9881890152048736,2783,1288,5157.277039166367
strike,Qalila Airstrike,high,33.19821,35.23487,False,4,0,1,-0.8199667835662034,-1.2894105759825074,6069,978,2550.2011863568955
strike,Ma'raka Airstrike injuries,high,33.27158,35.30886,False,4,0,1,-0.5769845123504149,-0.9356425873803348,6161,1506,3057.575231293621
strike,Kfour Airstrikes,high,33.3955,35.45305,False,4,0,1,-0.1665938479227019,-0.2462277167688459,4225,1336,4353.049704142012
strike,Taybeh Airstrike and Khiam Phosphorus Shelling,high,33.32193,35.61253,False,4,0,1,-0.4102384668861127,0.5162931485139454,4929,659,3337.343071616961
strike,Zawtar al-Sharqiya Airstrike,high,33.31879,35.47657,False,4,0,1,-0.4206373265238131,-0.1337716674118435,5688,1119,3367.755801687764
strike,Strike Zone - Kawthariyat al-Ruz,high,33.36741,35.30045,False,4,0,1,-0.2596205890764635,-0.9758532750968628,2479,1320,5687.8055667607905
strike,Al-Kharaib / Khraibeh Strike Zone,high,33.34088,35.297,False,4,0,1,-0.3474810177987668,-0.9923487415204034,2849,1292,5076.586872586872
strike,Kfour Strike Zone (Southern Lebanon),high,33.3955,35.45305,False,4,0,1,-0.1665938479227019,-0.2462277167688459,4225,1336,4353.049704142012
strike,Mays al-Jabal Airstrike,high,33.16632,35.52738,False,4,0,1,-0.9255781319248354,0.1091659120026093,5676,768,3234.6647286821703
strike,Strike Zone - Kafr Rumman roundabout - Nabatieh,high,33.38876,35.49082,False,4,0,1,-0.1889149670176267,-0.065638219140729,4957,1290,3418.396207383498
road_closure,Zahle Road Danger Zone,high,33.83808,35.90607,False,3,0,1,1.2991154827940474,1.919794369953046,226,127,6140.41592920354
strike,Airstrike - Al-Jurn-Al-Jamijmah area,high,33.20339,35.44052,False,4,0,1,-0.8028119769027606,-0.3061373383012753,7228,1231,3346.4641671278364
strike,Haboush and Kafr Tebnit and Arnoun Strike Zone,high,33.40439,35.47623,False,4,0,1,-0.13715249054082,-0.135397307581126,4558,1329,3914.4883720930234
strike,"Haboush, Kafr Tebnit, Arnoun Strike Zone",high,33.38584,35.493397,False,4,0,1,-0.1985852441329214,-0.0533168229165288,5241,1232,3337.347261972906
strike,Jebchit Strike Zone,high,33.376,35.48138,False,4,0,1,-0.2311727533160268,-0.1107736403112071,5087,1324,3445.188912915274
strike,Strike Zone - Kafrman,high,33.38733,35.49906,False,4,0,1,-0.1936507534131342,-0.0262403515088589,5204,1229,3340.735972328978
strike,"Kafr Rumman, Al-Kafour, Harouf and Qounine Strike Zone",high,33.14649,35.43142,False,4,0,1,-0.9912499111017335,-0.349647119302471,7439,1028,2645.5170049737867
strike,Ghandouriyeh Strike Zone,high,33.26757,35.43537,False,4,0,1,-0.5902645846902757,-0.3307610055711941,6659,1466,3871.6392851779547
strike,Jebchit outskirts Strike Zone,high,33.36052,35.43057,False,4,0,1,-0.2824384689820992,-0.3537112197256601,4852,1366,4000.541014014839
strike,"Zibqin and Jabal al-Batoum Area Strike Zone, Southern Lebanon",medium,33.16371,35.2807,False,4,0,0,-0.9342217700313168,-1.070283843753315,6924,1031,2810.925765453495
strike,Strike Zone: Kfour,high,33.3955,35.45305,False,4,0,1,-0.1665938479227019,-0.2462277167688459,4225,1336,4353.049704142012
strike,Al-Haniyah and Al-Qalilah Area Strike,high,33.19534,35.23006,False,4,0,1,-0.8294714737446102,-1.312408603083144,6069,978,2550.2011863568955
strike,Zahrani Vicinity Strike Zone,high,33.42609,35.61127,False,4,0,1,-0.0652877599236265,0.5102687172983832,3750,589,3692.414133333333
strike,Airstrike - Beirut Southern Suburbs,critical,33.85877,35.50738,False,4,0,2,1.3676353572857378,0.0135400196922381,421,295,38910.32779097387
strike,Bint Jbeil/Khiam Strike Zone,high,33.11429,35.434,False,4,0,1,-1.097887898469179,-0.3373113791944603,6144,813,2641.8204752604165
strike,Bint Jbeil and Khiam Airstrike/Shelling,high,33.32195,35.60892,False,4,0,1,-0.4101722321113528,0.499032674951917,4949,667,3347.7631844817133
strike,Tyre District Strike Zone (Burj Rahal),high,33.31143,35.27967,False,4,0,1,-0.4450117236363646,-1.0752085772072988,3002,1247,4313.196868754164
strike,"Strike Zone - Al-Majadel, Tyre",high,33.22852,35.36018,False,4,0,1,-0.7195879824138134,-0.6902665477119749,8678,1511,3030.4464162249365
strike,Zibqin Outskirts Strike Zone,high,33.16244,35.26955,False,4,0,1,-0.9384276782287452,-1.123595278716342,6865,1027,2815.1332847778585
strike,Al-Housh/Tyre Strike Zone,medium,33.24245,35.23676,False,4,0,0,-0.6734554617918312,-1.2803739291591982,5901,1044,2562.9747500423655
strike,Al-Housh Farea south of Tyre Strike Zone,medium,33.24245,35.23676,False,4,0,0,-0.6734554617918312,-1.2803739291591982,5901,1044,2562.9747500423655
strike,Strike Zone - Toul,high,33.38518,35.44687,False,4,0,1,-0.2007709917000913,-0.2757761174927485,4327,1343,4044.483013635313
strike,Southern Lebanon Strike Zones,high,33.12033,35.43949,False,4,0,1,-1.0778849964909205,-0.3110620717552591,5784,796,2752.45020746888
strike,Al-Housh Area South of Tyre Strike Zone,high,33.24245,35.23676,False,4,0,1,-0.6734554617918312,-1.2803739291591982,5901,1044,2562.9747500423655
strike,Al-Jurn-Al-Jamijmah Strike Zone,high,33.20339,35.44052,False,4,0,1,-0.8028119769027606,-0.3061373383012753,7228,1231,3346.4641671278364
strike,Safad al-Batikh Area Strike Zone,high,33.19577,35.43898,False,4,0,1,-0.828047426087214,-0.3135005320091658,7216,1136,3046.8967572062083
strike,Northern Lebanon Rocket Barrage Zone,high,33.02501,35.3835,False,4,0,1,-1.3935599330084358,-0.578766757278108,4343,448,2328.9974671885793
strike,Strike Zone - Kafr Rumman,critical,33.38876,35.49082,False,4,0,2,-0.1889149670176267,-0.065638219140729,4957,1290,3418.396207383498
strike,"Jebchit, Kafr Remman, and the University District in Nabatieh Strike Zone",high,33.376,35.48138,False,4,0,1,-0.2311727533160268,-0.1107736403112071,5087,1324,3445.188912915274
strike,Ma'arka Strike Zone,medium,33.270795,35.314435,False,4,0,0,-0.57958422725984,-0.9089868698988212,6581,1632,3252.706731499772
road_closure,Tyre - Al-Housh Area Danger Zone,medium,33.24245,35.23676,False,3,0,0,-0.6734554617918312,-1.2803739291591982,5901,1044,2562.9747500423655
strike,Yater Strike Zone,high,33.15899,35.291,False,4,0,1,-0.9498531768752354,-1.0210365092135114,7061,1038,2781.5337770853985
road_closure,Airport Road Congestion,medium,33.925,35.5415,False,3,0,0,1.5869718139113569,0.1766777919737131,418,290,39243.674641148325
strike,"Jebchit, Kafr Remman, and University District (Nabatieh) Strike Zone",high,33.376,35.48138,False,4,0,1,-0.2311727533160268,-0.1107736403112071,5087,1324,3445.188912915274
road_closure,Beirut – Sidon Coastal Highway Congestion,medium,33.925,35.5415,False,3,0,0,1.5869718139113569,0.1766777919737131,418,290,39243.674641148325
strike,Al-Majadel Debris Removal,medium,33.22852,35.36018,False,4,0,0,-0.7195879824138134,-0.6902665477119749,8678,1511,3030.4464162249365
strike,Nabatieh University District Strike Zone,high,33.376,35.48138,False,4,0,1,-0.2311727533160268,-0.1107736403112071,5087,1324,3445.188912915274
strike,Strike Zone - Qaqaiyat al-Jisr,high,33.32897,35.42301,False,4,0,1,-0.3869238261697663,-0.3898578070189993,5267,1412,4095.7134991456237
strike,"Shahabiya, Kafr Rumman, and Abba Strike Zone",high,33.2401,35.38417,False,4,0,1,-0.6812380478264106,-0.5755632898857134,8422,1585,3283.8300878651153
strike,Outskirts of Jebchit Strike Zone,high,33.36052,35.43057,False,4,0,1,-0.2824384689820992,-0.3537112197256601,4852,1366,4000.541014014839
strike,Airstrike - Deir Syrian and Deir Kifa,high,33.29166,35.50009,False,4,0,1,-0.5104847984889831,-0.0213156180548751,6161,1073,3323.9019639668886
strike,Jabal al-Batoum Strike Zone,medium,33.16371,35.2807,False,4,0,0,-0.9342217700313168,-1.070283843753315,6924,1031,2810.925765453495
strike,"Haboush, Kafr Tebnit, Arnoun Strikes",high,33.40439,35.47623,False,4,0,1,-0.13715249054082,-0.135397307581126,4558,1329,3914.4883720930234
strike,Airstrike - Louaizeh,high,33.45566,35.53442,False,4,0,1,0.032640354562554,0.1428262260958375,3281,942,4410.558061566596
strike,Strike Zone: Tibnin and Safad al-Batikh,medium,33.19706,35.42044,False,4,0,0,-0.8237752831150492,-0.4021457341808735,7584,1243,3076.303533755274
strike,Strike Zone: Srifa,medium,33.27862,35.3928,False,4,0,0,-0.5536698716340684,-0.5343007173537769,6316,1549,3854.3275807473083
strike,Aishieh - Jezzine District Strike Zone,high,33.40166,35.58077,False,4,0,1,-0.146193537295884,0.3644392315251069,4433,723,3436.527633656666
strike,"Haboush, Kafr Tebnit, Arnoun, Barashit, and Kafr Rumman Strike Zone",high,33.40439,35.48481,False,4,0,1,-0.13715249054082,-0.0943737997799734,4556,1280,3552.556189640035
strike,University District/Nabatieh Strike Zone,high,33.376,35.48138,False,4,0,1,-0.2311727533160268,-0.1107736403112071,5087,1324,3445.188912915274
strike,Abba and Jebchit Area Strike Zone,high,33.36067,35.41288,False,4,0,1,-0.2819417081713884,-0.4382923214741787,4902,1415,4168.628722970217
strike,Airstrike - Al-Nafakhiyah,high,33.26914,35.38868,False,4,0,1,-0.5850651548714255,-0.5539996511697121,7213,1637,3664.60626646333
strike,Sir al-Gharbiya Airstrike,high,33.31893,35.35675,False,4,0,1,-0.4201736831004704,-0.7066663882432087,4973,1550,4072.9911522219986
strike,"Strike Zone - Haboush, Kafr Tebnit, and Arnoun",high,33.40439,35.47623,False,4,0,1,-0.13715249054082,-0.135397307581126,4558,1329,3914.4883720930234
strike,Zahle Strike Zone,high,33.834015,35.909675,False,4,0,1,1.285653264823603,1.9370309370419887,227,128,6161.581497797357
strike,Harouf and Qounine Strike Zone,high,33.14649,35.43142,False,4,0,1,-0.9912499111017335,-0.349647119302471,7439,1028,2645.5170049737867
strike,Northern Border Strike Zone,high,33.08552,35.14853,False,4,0,1,-1.193166621964847,-1.7022275530863151,4397,425,1748.088469410962
strike,Kafr Rumman/Kafrman Strike Zone,medium,33.388045,35.49494,False,4,0,0,-0.1912828602153805,-0.045939285324794,5241,1232,3337.347261972906
strike,Bekaa Valley Strike Zone (Sar'in),high,33.88758,36.06804,False,4,0,1,1.463046550330949,2.6942206588284847,269,270,5603.698884758364
strike,"Strike in Labaya, West Beqaa",critical,33.585,35.797,False,4,0,2,0.4609806429508754,1.398298566238505,167,98,5579.263473053892
strike,Strike Zone: Zawtar al-Sharqiya,high,33.32282,35.47352,False,4,0,1,-0.4072910194091924,-0.1483546159891813,5706,1121,3364.359270942867
strike,"Strike Zone - Zawtar al-Gharbiya and Jebchit, Nabatieh",high,33.35637,35.44275,False,4,0,1,-0.2961821847453026,-0.2954750513086835,5029,1371,3888.531517200239
strike,Yater Airstrike,high,33.15899,35.291,False,4,0,1,-0.9498531768752354,-1.0210365092135114,7061,1038,2781.5337770853985
strike,Strike Zone - Zawtar al-Gharbiya,high,33.35637,35.44275,False,4,0,1,-0.2961821847453026,-0.2954750513086835,5029,1371,3888.531517200239
strike,"Jebchit, Kafr Remman, and University District Strike Zone (Nabatieh)",high,33.376,35.48138,False,4,0,1,-0.2311727533160268,-0.1107736403112071,5087,1324,3445.188912915274
strike,Kafour Strike Zone,high,33.3955,35.45305,False,4,0,1,-0.1665938479227019,-0.2462277167688459,4225,1336,4353.049704142012
strike,Airstrike - Labaya,high,33.47274,35.72239,False,4,0,1,0.0892048522096282,1.0415661749747214,1981,240,3692.925290257446
